Title,Specs,Price,Image,Link
Відеокарта Gigabyte GeForce GTX 1660 OC 6G,"[""Пам'ять: 6 ГБ, GDDR5, 8000 МГц"", ""GPU: NVIDIA GeForce GTX 1660, 1830 МГц"", ""Живлення: 8 pin"", ""Роз'єми: HDMI 1 шт, DisplayPort 3 шт""]",18 374 до 22 999 грн.,https://s.ek.ua/jpg/1538373.jpg,https://ek.ua/ua/ua/GIGABYTE-GEFORCE-GTX-1660-OC-6G.htm
Відеокарта MSI GeForce RTX 3060 Ti GAMING Z TRIO 8G LHR,"[""Пам'ять: 8 ГБ, GDDR6, 14000 МГц"", ""GPU: NVIDIA GeForce RTX 3060 Ti, 1845 МГц"", ""Живлення: 8 + 8 pin, споживання 240 Вт"", ""Роз'єми: HDMI 1 шт, DisplayPort 3 шт""]",31 103 до 36 250 грн.,https://s.ek.ua/jpg/2052995.jpg,https://ek.ua/ua/ua/MSI-GEFORCE-RTX-3060-TI-GAMING-Z-TRIO-8G-LHR.htm
Відеокарта Gigabyte GeForce RTX 3060 GAMING OC LHR 12G,"[""Пам'ять: 12 ГБ, GDDR6, 15000 МГц"", ""GPU: NVIDIA GeForce RTX 3060, 1837 МГц"", ""Живлення: 8 pin"", ""Роз'єми: HDMI 2 шт, DisplayPort 2 шт""]",25 202 до 30 257 грн.,https://s.ek.ua/jpg/2055429.jpg,https://ek.ua/ua/ua/GIGABYTE-GEFORCE-RTX-3060-GAMING-OC-LHR-12G.htm
Відеокарта MSI GeForce RTX 3060 Ti GAMING X 8G LHR,"[""Пам'ять: 8 ГБ, GDDR6, 14000 МГц"", ""GPU: NVIDIA GeForce RTX 3060 Ti, 1770 МГц"", ""Живлення: 6 + 8 pin, споживання 220 Вт"", ""Роз'єми: HDMI 1 шт, DisplayPort 3 шт""]",32 744 до 35 380 грн.,https://s.ek.ua/jpg/2052999.jpg,https://ek.ua/ua/ua/MSI-GEFORCE-RTX-3060-TI-GAMING-X-8G-LHR.htm
Відеокарта Gigabyte GeForce RTX 3080 Ti GAMING OC 12G,"[""Пам'ять: 12 ГБ, GDDR6X, 19000 МГц"", ""GPU: NVIDIA GeForce RTX 3080 Ti, 1710 МГц"", ""Живлення: 8 + 8 pin"", ""Роз'єми: HDMI 2 шт, DisplayPort 3 шт""]",58 310 до 64 999 грн.,https://s.ek.ua/jpg/2033444.jpg,https://ek.ua/ua/ua/GIGABYTE-GEFORCE-RTX-3080-TI-GAMING-OC-12G.htm
Відеокарта MSI GeForce RTX 2060 VENTUS GP OC,"[""Пам'ять: 6 ГБ, GDDR6, 14000 МГц"", ""GPU: NVIDIA GeForce RTX 2060, 1710 МГц"", ""Живлення: 8 pin, споживання 160 Вт"", ""Роз'єми: HDMI 1 шт, DisplayPort 3 шт""]",21 100 до 23 013 грн.,https://s.ek.ua/jpg/1500206.jpg,https://ek.ua/ua/ua/MSI-GEFORCE-RTX-2060-VENTUS-GP-OC.htm
Відеокарта Gigabyte GeForce RTX 3060 EAGLE OC LHR 12G,"[""Пам'ять: 12 ГБ, GDDR6, 15000 МГц"", ""GPU: NVIDIA GeForce RTX 3060, 1807 МГц"", ""Живлення: 8 pin"", ""Роз'єми: HDMI 2 шт, DisplayPort 2 шт""]",26 626 до 28 431 грн.,https://s.ek.ua/jpg/2055434.jpg,https://ek.ua/ua/ua/GIGABYTE-GEFORCE-RTX-3060-EAGLE-OC-LHR-12G.htm
Відеокарта MSI GeForce RTX 3060 GAMING X 12G,"[""Пам'ять: 12 ГБ, GDDR6, 15000 МГц"", ""GPU: NVIDIA GeForce RTX 3060, 1837 МГц"", ""Живлення: 6 + 8 pin"", ""Роз'єми: HDMI 1 шт, DisplayPort 3 шт""]",26 399 до 32 999 грн.,https://s.ek.ua/jpg/1941006.jpg,https://ek.ua/ua/ua/MSI-GEFORCE-RTX-3060-GAMING-X-12G.htm
Відеокарта Palit GeForce GTX 1660 Dual,"[""Пам'ять: 6 ГБ, GDDR5, 8000 МГц"", ""GPU: NVIDIA GeForce GTX 1660, 1785 МГц"", ""Живлення: 8 pin, споживання 130 Вт"", ""Роз'єми: DVI-D 1 шт, HDMI 1 шт, DisplayPort 1 шт""]",26 026 до 26 029 грн.,https://s.ek.ua/jpg/1540483.jpg,https://ek.ua/ua/ua/PALIT-GEFORCE-GTX-1660-DUAL.htm
Відеокарта Gigabyte GeForce RTX 3060 GAMING OC 12G,"[""Пам'ять: 12 ГБ, GDDR6, 15000 МГц"", ""GPU: NVIDIA GeForce RTX 3060, 1837 МГц"", ""Живлення: 8 pin"", ""Роз'єми: HDMI 2 шт, DisplayPort 2 шт""]",32 500 до 33 499 грн.,https://s.ek.ua/jpg/1941020.jpg,https://ek.ua/ua/ua/GIGABYTE-GEFORCE-RTX-3060-GAMING-OC-12G.htm
Відеокарта Palit GeForce RTX 3060 Dual,"[""Пам'ять: 12 ГБ, GDDR6, 15000 МГц"", ""GPU: NVIDIA GeForce RTX 3060, 1777 МГц"", ""Живлення: 8 pin, споживання 170 Вт"", ""Роз'єми: HDMI 1 шт, DisplayPort 3 шт""]",25 200 до 35 038 грн.,https://s.ek.ua/jpg/1942025.jpg,https://ek.ua/ua/ua/PALIT-GEFORCE-RTX-3060-DUAL.htm
Відеокарта Gigabyte GeForce RTX 2060 D6 6G,"[""Пам'ять: 6 ГБ, GDDR6, 14000 МГц"", ""GPU: NVIDIA GeForce RTX 2060, 1680 МГц"", ""Живлення: 8 pin"", ""Роз'єми: HDMI 1 шт, DisplayPort 3 шт""]",22 293 до 25 327 грн.,https://s.ek.ua/jpg/1836526.jpg,https://ek.ua/ua/ua/GIGABYTE-GEFORCE-RTX-2060-D6-6G.htm
Відеокарта Asus GeForce GTX 1050 Ti CERBERUS-GTX1050TI-O4G,"[""Пам'ять: 4 ГБ, GDDR5, 7008 МГц"", ""GPU: NVIDIA GeForce GTX 1050 Ti, 1366 МГц"", ""Живлення: без дод. живлення, споживання 75 Вт"", ""Роз'єми: DVI-D 1 шт, HDMI 1 шт, DisplayPort 1 шт""]",8 250 грн.,https://s.ek.ua/jpg/1271516.jpg,https://ek.ua/ua/ua/ASUS-GEFORCE-GTX-1050-TI-CERBERUS-GTX1050TI-O4G.htm
Відеокарта Gigabyte GeForce RTX 3070 GAMING OC LHR 8G,"[""Пам'ять: 8 ГБ, GDDR6, 14000 МГц"", ""GPU: NVIDIA GeForce RTX 3070, 1815 МГц"", ""Живлення: 6 + 8 pin"", ""Роз'єми: HDMI 2 шт, DisplayPort 2 шт""]",34 700 до 40 693 грн.,https://s.ek.ua/jpg/2055544.jpg,https://ek.ua/ua/ua/GIGABYTE-GEFORCE-RTX-3070-GAMING-OC-LHR-8G.htm
Відеокарта Palit GeForce RTX 3070 Ti GamingPro,"[""Пам'ять: 8 ГБ, GDDR6X, 19000 МГц"", ""GPU: NVIDIA GeForce RTX 3070 Ti, 1770 МГц"", ""Живлення: 8 + 8 pin, споживання 290 Вт"", ""Роз'єми: HDMI 1 шт, DisplayPort 3 шт""]",42 999 до 48 279 грн.,https://s.ek.ua/jpg/2034141.jpg,https://ek.ua/ua/ua/PALIT-GEFORCE-RTX-3070-TI-GAMINGPRO.htm
Відеокарта Sapphire Radeon RX 6600 PULSE,"[""Пам'ять: 8 ГБ, GDDR6, 14000 МГц"", ""GPU: AMD Radeon RX 6600, 2491 МГц"", ""Живлення: 8 pin, споживання 140 Вт"", ""Роз'єми: HDMI 1 шт, DisplayPort 3 шт""]",21 708 до 23 499 грн.,https://s.ek.ua/jpg/2113047.jpg,https://ek.ua/ua/ua/SAPPHIRE-RADEON-RX-6600-PULSE.htm
Відеокарта Asus GeForce RTX 3060 Ti TUF Gaming V2 OC LHR,"[""Пам'ять: 8 ГБ, GDDR6, 14000 МГц"", ""GPU: NVIDIA GeForce RTX 3060 Ti, 1785 МГц"", ""Живлення: 8 pin"", ""Роз'єми: HDMI 2 шт, DisplayPort 3 шт""]",30 506 грн.,https://s.ek.ua/jpg/2053588.jpg,https://ek.ua/ua/ua/ASUS-GEFORCE-RTX-3060-TI-TUF-GAMING-V2-OC-LHR.htm
Відеокарта Asus GeForce RTX 3060 Phoenix,"[""Пам'ять: 12 ГБ, GDDR6, 15000 МГц"", ""GPU: NVIDIA GeForce RTX 3060, 1807 МГц"", ""Живлення: 8 pin"", ""Роз'єми: HDMI 1 шт, DisplayPort 3 шт""]",23 308 грн.,https://s.ek.ua/jpg/1992274.jpg,https://ek.ua/ua/ua/ASUS-GEFORCE-RTX-3060-PHOENIX.htm
Відеокарта Palit GeForce 1050 Ti StormX NE5105T018G1-1070F,"[""Пам'ять: 4 ГБ, GDDR5, 7000 МГц"", ""GPU: NVIDIA GeForce GTX 1050 Ti, 1290 МГц"", ""Живлення: без дод. живлення, споживання 75 Вт"", ""Роз'єми: DVI-D 1 шт, HDMI 1 шт, DisplayPort 1 шт""]",9 880 до 10 639 грн.,https://s.ek.ua/jpg/951123.jpg,https://ek.ua/ua/ua/PALIT-GEFORCE-1050-TI-STORMX-NE5105T018G1-1070F.htm
Відеокарта Palit GeForce RTX 3080 Ti GamingPro,"[""Пам'ять: 12 ГБ, GDDR6X, 19000 МГц"", ""GPU: NVIDIA GeForce RTX 3080 Ti, 1665 МГц"", ""Живлення: 8 + 8 pin, споживання 350 Вт"", ""Роз'єми: HDMI 1 шт, DisplayPort 3 шт""]",62 063 до 75 269 грн.,https://s.ek.ua/jpg/2034138.jpg,https://ek.ua/ua/ua/PALIT-GEFORCE-RTX-3080-TI-GAMINGPRO.htm
Відеокарта Gigabyte Radeon RX 6600 XT GAMING OC PRO 8G,"[""Пам'ять: 8 ГБ, GDDR6, 16000 МГц"", ""GPU: AMD Radeon RX 6600 XT"", ""Живлення: 8 pin"", ""Роз'єми: HDMI 2 шт, DisplayPort 2 шт""]",25 639 до 35 149 грн.,https://s.ek.ua/jpg/2064512.jpg,https://ek.ua/ua/ua/GIGABYTE-RADEON-RX-6600-XT-GAMING-OC-PRO-8G.htm
Відеокарта MSI GeForce GTX 1660 Ti VENTUS XS 6G OC,"[""Пам'ять: 6 ГБ, GDDR6, 12000 МГц"", ""GPU: NVIDIA GeForce GTX 1660 Ti, 1830 МГц"", ""Живлення: 8 pin, споживання 120 Вт"", ""Роз'єми: HDMI 1 шт, DisplayPort 3 шт""]",21 250 до 27 999 грн.,https://s.ek.ua/jpg/1518235.jpg,https://ek.ua/ua/ua/MSI-GEFORCE-GTX-1660-TI-VENTUS-XS-6G-OC.htm
Відеокарта Palit GeForce GTX 1660 SUPER GP OC,"[""Пам'ять: 6 ГБ, GDDR6, 14000 МГц"", ""GPU: NVIDIA GeForce GTX 1660 SUPER, 1830 МГц"", ""Живлення: 8 pin, споживання 125 Вт"", ""Роз'єми: DVI-D 1 шт, HDMI 1 шт, DisplayPort 1 шт""]",23 185 до 25 200 грн.,https://s.ek.ua/jpg/1682004.jpg,https://ek.ua/ua/ua/PALIT-GEFORCE-GTX-1660-SUPER-GP-OC.htm
Відеокарта Gigabyte GeForce RTX 3060 Ti GAMING OC LHR 8G,"[""Пам'ять: 8 ГБ, GDDR6, 14000 МГц"", ""GPU: NVIDIA GeForce RTX 3060 Ti, 1740 МГц"", ""Живлення: 8 pin"", ""Роз'єми: HDMI 2 шт, DisplayPort 2 шт""]",30 333 до 32 999 грн.,https://s.ek.ua/jpg/2055458.jpg,https://ek.ua/ua/ua/GIGABYTE-GEFORCE-RTX-3060-TI-GAMING-OC-LHR-8G.htm
Відеокарта Gigabyte GeForce RTX 3060 Ti EAGLE OC LHR 8G,"[""Пам'ять: 8 ГБ, GDDR6, 14000 МГц"", ""GPU: NVIDIA GeForce RTX 3060 Ti, 1695 МГц"", ""Живлення: 8 pin"", ""Роз'єми: HDMI 2 шт, DisplayPort 2 шт""]",40 999 грн.,https://s.ek.ua/jpg/2055470.jpg,https://ek.ua/ua/ua/GIGABYTE-GEFORCE-RTX-3060-TI-EAGLE-OC-LHR-8G.htm
Відеокарта Gigabyte GeForce GTX 1650 SUPER OC 4G,"[""Пам'ять: 4 ГБ, GDDR6, 12000 МГц"", ""GPU: NVIDIA GeForce GTX 1650 SUPER, 1740 МГц"", ""Живлення: 6 pin"", ""Роз'єми: DVI-D 1 шт, HDMI 1 шт, DisplayPort 1 шт""]",13 725 до 14 274 грн.,https://s.ek.ua/jpg/1711892.jpg,https://ek.ua/ua/ua/GIGABYTE-GEFORCE-GTX-1650-SUPER-OC-4G.htm
Відеокарта Biostar Radeon RX 550 VA5505RF41,"[""Пам'ять: 4 ГБ, GDDR5, 6000 МГц"", ""GPU: AMD Radeon RX 550, 1183 МГц"", ""Живлення: без дод. живлення"", ""Роз'єми: DVI-D 1 шт, HDMI 1 шт, DisplayPort 1 шт""]",5 726 грн.,https://s.ek.ua/jpg/2073230.jpg,https://ek.ua/ua/ua/BIOSTAR-RADEON-RX-550-VA5505RF41.htm
Відеокарта Asus GeForce RTX 3080 Ti ROG STRIX OC,"[""Пам'ять: 12 ГБ, GDDR6X, 19000 МГц"", ""GPU: NVIDIA GeForce RTX 3080 Ti, 1845 МГц"", ""Живлення: 8 + 8 + 8 pin"", ""Роз'єми: HDMI 2 шт, DisplayPort 3 шт""]",67 795 до 74 425 грн.,https://s.ek.ua/jpg/2038314.jpg,https://ek.ua/ua/ua/ASUS-GEFORCE-RTX-3080-TI-ROG-STRIX-OC.htm
Відеокарта Gigabyte GeForce RTX 3060 Ti AORUS ELITE LHR 8G,"[""Пам'ять: 8 ГБ, GDDR6, 14000 МГц"", ""GPU: NVIDIA GeForce RTX 3060 Ti, 1785 МГц"", ""Живлення: 6 + 8 pin"", ""Роз'єми: HDMI 2 шт, DisplayPort 2 шт""]",31 199 до 31 304 грн.,https://s.ek.ua/jpg/2055446.jpg,https://ek.ua/ua/ua/GIGABYTE-GEFORCE-RTX-3060-TI-AORUS-ELITE-LHR-8G.htm
Відеокарта Gigabyte GeForce GTX 1660 Ti OC 6G,"[""Пам'ять: 6 ГБ, GDDR6, 12000 МГц"", ""GPU: NVIDIA GeForce GTX 1660 Ti, 1800 МГц"", ""Живлення: 8 pin"", ""Роз'єми: HDMI 1 шт, DisplayPort 3 шт""]",21 064 грн.,https://s.ek.ua/jpg/1518228.jpg,https://ek.ua/ua/ua/GIGABYTE-GEFORCE-GTX-1660-TI-OC-6G.htm
Відеокарта Asus GeForce GTX 1650 Phoenix O4GD6-P,"[""Пам'ять: 4 ГБ, GDDR6, 12000 МГц"", ""GPU: NVIDIA GeForce GTX 1650, 1665 МГц"", ""Живлення: 6 pin"", ""Роз'єми: DVI-D 1 шт, HDMI 1 шт, DisplayPort 1 шт""]",11 530 до 12 235 грн.,https://s.ek.ua/jpg/1893455.jpg,https://ek.ua/ua/ua/ASUS-GEFORCE-GTX-1650-PHOENIX-O4GD6-P.htm
Відеокарта AFOX Radeon RX 560 AFRX560-4096D5H4,"[""Пам'ять: 4 ГБ, GDDR5, 7000 МГц"", ""GPU: AMD Radeon RX 560, 1275 МГц"", ""Живлення: 6 pin"", ""Роз'єми: DVI-D 1 шт, HDMI 1 шт, DisplayPort 1 шт""]",7 194 до 8 162 грн.,https://s.ek.ua/jpg/2056006.jpg,https://ek.ua/ua/ua/AFOX-RADEON-RX-560-AFRX560-4096D5H4.htm
Відеокарта Asus GeForce RTX 3060 Ti ROG STRIX V2 Gaming OC LHR,"[""Пам'ять: 8 ГБ, GDDR6, 14000 МГц"", ""GPU: NVIDIA GeForce RTX 3060 Ti, 1890 МГц"", ""Живлення: 8 + 8 pin"", ""Роз'єми: HDMI 2 шт, DisplayPort 3 шт""]",31 958 до 32 120 грн.,https://s.ek.ua/jpg/2052939.jpg,https://ek.ua/ua/ua/ASUS-GEFORCE-RTX-3060-TI-ROG-STRIX-V2-GAMING-OC-LHR.htm
Відеокарта Gigabyte GeForce RTX 3070 AORUS MASTER 8G,"[""Пам'ять: 8 ГБ, GDDR6, 14000 МГц"", ""GPU: NVIDIA GeForce RTX 3070, 1845 МГц"", ""Живлення: 8 + 8 pin"", ""Роз'єми: HDMI 3 шт, DisplayPort 3 шт""]",51 900 грн.,https://s.ek.ua/jpg/1897804.jpg,https://ek.ua/ua/ua/GIGABYTE-GEFORCE-RTX-3070-AORUS-MASTER-8G.htm
Відеокарта Biostar Radeon RX 560 VA5615RF41,"[""Пам'ять: 4 ГБ, GDDR5, 6000 МГц"", ""GPU: AMD Radeon RX 560, 1275 МГц"", ""Живлення: без дод. живлення"", ""Роз'єми: DVI-D 1 шт, HDMI 1 шт, DisplayPort 1 шт""]",7 390 до 8 193 грн.,https://s.ek.ua/jpg/2038285.jpg,https://ek.ua/ua/ua/BIOSTAR-RADEON-RX-560-VA5615RF41.htm
Відеокарта Asus GeForce GT 1030 PH-GT1030-O2G,"[""Пам'ять: 2 ГБ, GDDR5, 6008 МГц"", ""GPU: NVIDIA GeForce GT 1030, 1278 МГц"", ""Живлення: без дод. живлення, споживання 30 Вт"", ""Роз'єми: DVI-D 1 шт, HDMI 1 шт""]",4 500 грн.,https://s.ek.ua/jpg/1115091.jpg,https://ek.ua/ua/ua/ASUS-GEFORCE-GT-1030-PH-GT1030-O2G.htm
Відеокарта Palit GeForce RTX 3070 GamingPro V1 LHR,"[""Пам'ять: 8 ГБ, GDDR6, 14000 МГц"", ""GPU: NVIDIA GeForce RTX 3070, 1725 МГц"", ""Живлення: 8 + 8 pin, споживання 220 Вт"", ""Роз'єми: HDMI 1 шт, DisplayPort 3 шт""]",36 310 до 41 026 грн.,https://s.ek.ua/jpg/2053230.jpg,https://ek.ua/ua/ua/PALIT-GEFORCE-RTX-3070-GAMINGPRO-V1-LHR.htm
Відеокарта MSI GTX 1050 TI 4GT LP,"[""Пам'ять: 4 ГБ, GDDR5, 7008 МГц"", ""GPU: NVIDIA GeForce GTX 1050 Ti, 1290 МГц"", ""Живлення: без дод. живлення, споживання 75 Вт"", ""Роз'єми: DVI-D 1 шт, HDMI 1 шт, DisplayPort 1 шт""]",9 499 грн.,https://s.ek.ua/jpg/985363.jpg,https://ek.ua/ua/ua/MSI-GTX-1050-TI-4GT-LP.htm
Відеокарта Palit GeForce RTX 3070 GamingPro OC,"[""Пам'ять: 8 ГБ, GDDR6, 14000 МГц"", ""GPU: NVIDIA GeForce RTX 3070, 1770 МГц"", ""Живлення: 8 + 8 pin, споживання 220 Вт"", ""Роз'єми: HDMI 1 шт, DisplayPort 3 шт""]",38 296 грн.,https://s.ek.ua/jpg/1896639.jpg,https://ek.ua/ua/ua/PALIT-GEFORCE-RTX-3070-GAMINGPRO-OC.htm
Відеокарта AFOX GeForce GTX 750 AF750-4096D5L4,"[""Пам'ять: 4 ГБ, GDDR5, 5100 МГц"", ""GPU: NVIDIA GeForce GTX 750, 1020 МГц"", ""Живлення: без дод. живлення"", ""Роз'єми: DVI-D 1 шт, HDMI 1 шт""]",4 399 грн.,https://s.ek.ua/jpg/2056002.jpg,https://ek.ua/ua/ua/AFOX-GEFORCE-GTX-750-AF750-4096D5L4.htm
Відеокарта Palit GeForce RTX 3060 Dual OC V1 LHR,"[""Пам'ять: 12 ГБ, GDDR6, 15000 МГц"", ""GPU: NVIDIA GeForce RTX 3060, 1837 МГц"", ""Живлення: 8 pin, споживання 170 Вт"", ""Роз'єми: HDMI 1 шт, DisplayPort 3 шт""]",25 999 до 27 023 грн.,https://s.ek.ua/jpg/2070431.jpg,https://ek.ua/ua/ua/PALIT-GEFORCE-RTX-3060-DUAL-OC-V1-LHR.htm
Відеокарта MSI Radeon RX 6600 XT GAMING X 8G,"[""Пам'ять: 8 ГБ, GDDR6, 16000 МГц"", ""GPU: AMD Radeon RX 6600 XT"", ""Живлення: 8 pin"", ""Роз'єми: HDMI 1 шт, DisplayPort 3 шт""]",25 859 до 30 999 грн.,https://s.ek.ua/jpg/2064533.jpg,https://ek.ua/ua/ua/MSI-RADEON-RX-6600-XT-GAMING-X-8G.htm
Відеокарта Gigabyte GeForce RTX 3090 GAMING OC 24G,"[""Пам'ять: 24 ГБ, GDDR6X, 19500 МГц"", ""GPU: NVIDIA GeForce RTX 3090, 1755 МГц"", ""Живлення: 8 + 8 pin"", ""Роз'єми: HDMI 2 шт, DisplayPort 3 шт""]",91 999 до 110 653 грн.,https://s.ek.ua/jpg/1864263.jpg,https://ek.ua/ua/ua/GIGABYTE-GEFORCE-RTX-3090-GAMING-OC-24G.htm
Відеокарта Gigabyte Radeon RX 6700 XT GAMING OC 12G,"[""Пам'ять: 12 ГБ, GDDR6, 16000 МГц"", ""GPU: AMD Radeon RX 6700 XT, 2622 МГц"", ""Живлення: 6 + 8 pin, споживання 230 Вт"", ""Роз'єми: HDMI 2 шт, DisplayPort 2 шт""]",34 038 до 35 387 грн.,https://s.ek.ua/jpg/1977435.jpg,https://ek.ua/ua/ua/GIGABYTE-RADEON-RX-6700-XT-GAMING-OC-12G.htm
Відеокарта MSI GeForce RTX 3060 Ti VENTUS 2X 8G OCV1 LHR,"[""Пам'ять: 8 ГБ, GDDR6, 14000 МГц"", ""GPU: NVIDIA GeForce RTX 3060 Ti, 1695 МГц"", ""Живлення: 8 pin, споживання 200 Вт"", ""Роз'єми: HDMI 1 шт, DisplayPort 3 шт""]",31 980 до 32 355 грн.,https://s.ek.ua/jpg/2053079.jpg,https://ek.ua/ua/ua/MSI-GEFORCE-RTX-3060-TI-VENTUS-2X-8G-OCV1-LHR.htm
Відеокарта Asus GeForce RTX 3070 Ti TUF Gaming OC,"[""Пам'ять: 8 ГБ, GDDR6X, 19000 МГц"", ""GPU: NVIDIA GeForce RTX 3070 Ti, 1815 МГц"", ""Живлення: 8 + 8 pin"", ""Роз'єми: HDMI 2 шт, DisplayPort 3 шт""]",46 485 грн.,https://s.ek.ua/jpg/2037926.jpg,https://ek.ua/ua/ua/ASUS-GEFORCE-RTX-3070-TI-TUF-GAMING-OC.htm
Відеокарта MSI GeForce RTX 3060 VENTUS 2X 12G OC,"[""Пам'ять: 12 ГБ, GDDR6, 15000 МГц"", ""GPU: NVIDIA GeForce RTX 3060, 1807 МГц"", ""Живлення: 8 pin"", ""Роз'єми: HDMI 1 шт, DisplayPort 3 шт""]",27 699 до 28 257 грн.,https://s.ek.ua/jpg/1941016.jpg,https://ek.ua/ua/ua/MSI-GEFORCE-RTX-3060-VENTUS-2X-12G-OC.htm
Відеокарта Sapphire Radeon RX 6600 XT PULSE,"[""Пам'ять: 8 ГБ, GDDR6, 16000 МГц"", ""GPU: AMD Radeon RX 6600 XT, 2593 МГц"", ""Живлення: 8 pin, споживання 170 Вт"", ""Роз'єми: HDMI 1 шт, DisplayPort 3 шт""]",22 746 до 41 647 грн.,https://s.ek.ua/jpg/2076434.jpg,https://ek.ua/ua/ua/SAPPHIRE-RADEON-RX-6600-XT-PULSE.htm
Відеокарта Palit GeForce RTX 3070 Ti GameRock,"[""Пам'ять: 8 ГБ, GDDR6X, 19000 МГц"", ""GPU: NVIDIA GeForce RTX 3070 Ti, 1770 МГц"", ""Живлення: 8 + 8 pin, споживання 310 Вт"", ""Роз'єми: HDMI 1 шт, DisplayPort 3 шт""]",41 551 до 42 240 грн.,https://s.ek.ua/jpg/2034140.jpg,https://ek.ua/ua/ua/PALIT-GEFORCE-RTX-3070-TI-GAMEROCK.htm
Відеокарта Gigabyte GeForce RTX 2060 OC 6G,"[""Пам'ять: 6 ГБ, GDDR6, 14000 МГц"", ""GPU: NVIDIA GeForce RTX 2060, 1755 МГц"", ""Живлення: 8 pin"", ""Роз'єми: HDMI 1 шт, DisplayPort 3 шт""]",22 750 грн.,https://s.ek.ua/jpg/1500179.jpg,https://ek.ua/ua/ua/GIGABYTE-GEFORCE-RTX-2060-OC-6G.htm
Відеокарта Asus GeForce RTX 3060 TUF Gaming V2 OC LHR,"[""Пам'ять: 12 ГБ, GDDR6, 15000 МГц"", ""GPU: NVIDIA GeForce RTX 3060, 1882 МГц"", ""Живлення: 8 pin"", ""Роз'єми: HDMI 2 шт, DisplayPort 3 шт""]",30 499 грн.,https://s.ek.ua/jpg/2047918.jpg,https://ek.ua/ua/ua/ASUS-GEFORCE-RTX-3060-TUF-GAMING-V2-OC-LHR.htm
Відеокарта Gigabyte GeForce GTX 1050 Ti OC 4G,"[""Пам'ять: 4 ГБ, GDDR5, 7008 МГц"", ""GPU: NVIDIA GeForce GTX 1050 Ti, 1341 МГц"", ""Живлення: без дод. живлення, споживання 75 Вт"", ""Роз'єми: DVI-D 1 шт, HDMI 1 шт, DisplayPort 1 шт""]",10 304 грн.,https://s.ek.ua/jpg/949779.jpg,https://ek.ua/ua/ua/GIGABYTE-GEFORCE-GTX-1050-TI-OC-4G.htm
Відеокарта Asus GeForce RTX 3060 ROG STRIX V2 Gaming OC LHR,"[""Пам'ять: 12 ГБ, GDDR6, 15000 МГц"", ""GPU: NVIDIA GeForce RTX 3060, 1912 МГц"", ""Живлення: 8 pin"", ""Роз'єми: HDMI 2 шт, DisplayPort 3 шт""]",28 930 до 32 999 грн.,https://s.ek.ua/jpg/2052893.jpg,https://ek.ua/ua/ua/ASUS-GEFORCE-RTX-3060-ROG-STRIX-V2-GAMING-OC-LHR.htm
Відеокарта Palit GeForce RTX 3080 GameRock V1 LHR,"[""Пам'ять: 10 ГБ, GDDR6X, 19000 МГц"", ""GPU: NVIDIA GeForce RTX 3080, 1755 МГц"", ""Живлення: 8 + 8 + 8 pin, споживання 340 Вт"", ""Роз'єми: HDMI 1 шт, DisplayPort 3 шт""]",55 019 до 57 466 грн.,https://s.ek.ua/jpg/2053233.jpg,https://ek.ua/ua/ua/PALIT-GEFORCE-RTX-3080-GAMEROCK-V1-LHR.htm
Відеокарта Asus Radeon RX 580 DUAL-RX580-O8G,"[""Пам'ять: 8 ГБ, GDDR5, 8000 МГц"", ""GPU: AMD Radeon RX 580, 1380 МГц"", ""Живлення: 8 pin, споживання 185 Вт"", ""Роз'єми: DVI-D 1 шт, HDMI 2 шт, DisplayPort 2 шт""]",19 499 грн.,https://s.ek.ua/jpg/1097011.jpg,https://ek.ua/ua/ua/ASUS-RADEON-RX-580-DUAL-RX580-O8G.htm
Відеокарта Sapphire Radeon RX 6600 XT NITRO+,"[""Пам'ять: 8 ГБ, GDDR6, 16000 МГц"", ""GPU: AMD Radeon RX 6600 XT, 2607 МГц"", ""Живлення: 8 pin, споживання 180 Вт"", ""Роз'єми: HDMI 1 шт, DisplayPort 3 шт""]",27 149 до 43 396 грн.,https://s.ek.ua/jpg/2076437.jpg,https://ek.ua/ua/ua/SAPPHIRE-RADEON-RX-6600-XT-NITROPLUS.htm
Відеокарта Palit GeForce RTX 3070 GameRock OC,"[""Пам'ять: 8 ГБ, GDDR6, 14000 МГц"", ""GPU: NVIDIA GeForce RTX 3070, 1845 МГц"", ""Живлення: 8 + 8 pin, споживання 270 Вт"", ""Роз'єми: HDMI 1 шт, DisplayPort 3 шт""]",44 002 до 46 999 грн.,https://s.ek.ua/jpg/1896788.jpg,https://ek.ua/ua/ua/PALIT-GEFORCE-RTX-3070-GAMEROCK-OC.htm
Відеокарта Asus Radeon RX 6700 XT ROG STRIX Gaming OC,"[""Пам'ять: 12 ГБ, GDDR6, 16000 МГц"", ""GPU: AMD Radeon RX 6700 XT, 2622 МГц"", ""Живлення: 8 + 8 pin, споживання 230 Вт"", ""Роз'єми: HDMI 1 шт, DisplayPort 3 шт""]",34 044 до 36 700 грн.,https://s.ek.ua/jpg/2014630.jpg,https://ek.ua/ua/ua/ASUS-RADEON-RX-6700-XT-ROG-STRIX-GAMING-OC.htm
Відеокарта Palit GeForce RTX 3060 Ti Dual V1 LHR,"[""Пам'ять: 8 ГБ, GDDR6, 14000 МГц"", ""GPU: NVIDIA GeForce RTX 3060 Ti, 1665 МГц"", ""Живлення: 8 pin, споживання 200 Вт"", ""Роз'єми: HDMI 1 шт, DisplayPort 3 шт""]",30 800 до 34 078 грн.,https://s.ek.ua/jpg/2053217.jpg,https://ek.ua/ua/ua/PALIT-GEFORCE-RTX-3060-TI-DUAL-V1-LHR.htm
Відеокарта MSI GeForce RTX 3070 Ti SUPRIM X 8G,"[""Пам'ять: 8 ГБ, GDDR6X, 19000 МГц"", ""GPU: NVIDIA GeForce RTX 3070 Ti, 1875 МГц"", ""Живлення: 8 + 8 pin, споживання 310 Вт"", ""Роз'єми: HDMI 1 шт, DisplayPort 3 шт""]",47 535 до 51 205 грн.,https://s.ek.ua/jpg/2033789.jpg,https://ek.ua/ua/ua/MSI-GEFORCE-RTX-3070-TI-SUPRIM-X-8G.htm
Відеокарта Asus GeForce GTX 1060 DUAL OC 6GB,"[""Пам'ять: 6 ГБ, GDDR5, 8008 МГц"", ""GPU: NVIDIA GeForce GTX 1060, 1594 МГц"", ""Живлення: 6 pin, споживання 120 Вт"", ""Роз'єми: DVI-D 1 шт, HDMI 2 шт, DisplayPort 2 шт""]",13 449 грн.,https://s.ek.ua/jpg/876412.jpg,https://ek.ua/ua/ua/ASUS-GEFORCE-GTX-1060-DUAL-OC-6GB.htm
Відеокарта Gigabyte GeForce RTX 3080 Ti VISION OC 12G,"[""Пам'ять: 12 ГБ, GDDR6X, 19000 МГц"", ""GPU: NVIDIA GeForce RTX 3080 Ti, 1710 МГц"", ""Живлення: 8 + 8 pin"", ""Роз'єми: HDMI 2 шт, DisplayPort 3 шт""]",67 825 до 76 076 грн.,https://s.ek.ua/jpg/2033456.jpg,https://ek.ua/ua/ua/GIGABYTE-GEFORCE-RTX-3080-TI-VISION-OC-12G.htm
Відеокарта EVGA GeForce RTX 3060 XC GAMING,"[""Пам'ять: 12 ГБ, GDDR6, 15000 МГц"", ""GPU: NVIDIA GeForce RTX 3060, 1882 МГц"", ""Живлення: 8 pin, споживання 170 Вт"", ""Роз'єми: HDMI 1 шт, DisplayPort 3 шт""]",32 102 до 33 899 грн.,https://s.ek.ua/jpg/1987392.jpg,https://ek.ua/ua/ua/EVGA-GEFORCE-RTX-3060-XC-GAMING.htm
Відеокарта Gigabyte GeForce GTX 1650 D6 OC 4G,"[""Пам'ять: 4 ГБ, GDDR6, 12000 МГц"", ""GPU: NVIDIA GeForce GTX 1650, 1635 МГц"", ""Живлення: без дод. живлення"", ""Роз'єми: DVI-D 1 шт, HDMI 1 шт, DisplayPort 1 шт""]",10 895 до 11 929 грн.,https://s.ek.ua/jpg/1776001.jpg,https://ek.ua/ua/ua/GIGABYTE-GEFORCE-GTX-1650-D6-OC-4G.htm
Відеокарта Asus Radeon RX 6600 XT ROG STRIX Gaming OC,"[""Пам'ять: 8 ГБ, GDDR6, 16000 МГц"", ""GPU: AMD Radeon RX 6600 XT, 2607 МГц"", ""Живлення: 8 pin"", ""Роз'єми: HDMI 1 шт, DisplayPort 3 шт""]",25 999 до 28 560 грн.,https://s.ek.ua/jpg/2073275.jpg,https://ek.ua/ua/ua/ASUS-RADEON-RX-6600-XT-ROG-STRIX-GAMING-OC.htm
Відеокарта Gigabyte GeForce RTX 3070 Ti GAMING OC 8G,"[""Пам'ять: 8 ГБ, GDDR6X, 19000 МГц"", ""GPU: NVIDIA GeForce RTX 3070 Ti, 1830 МГц"", ""Живлення: 8 + 8 pin"", ""Роз'єми: HDMI 2 шт, DisplayPort 2 шт""]",42 199 до 46 039 грн.,https://s.ek.ua/jpg/2033483.jpg,https://ek.ua/ua/ua/GIGABYTE-GEFORCE-RTX-3070-TI-GAMING-OC-8G.htm
Відеокарта MSI Radeon RX 6600 XT MECH 2X 8G OC,"[""Пам'ять: 8 ГБ, GDDR6, 16000 МГц"", ""GPU: AMD Radeon RX 6600 XT"", ""Живлення: 8 pin, споживання 160 Вт"", ""Роз'єми: HDMI 1 шт, DisplayPort 3 шт""]",24 880 до 25 529 грн.,https://s.ek.ua/jpg/2064536.jpg,https://ek.ua/ua/ua/MSI-RADEON-RX-6600-XT-MECH-2X-8G-OC.htm
Відеокарта Asus GeForce RTX 2060 DUAL EVO OC,"[""Пам'ять: 6 ГБ, GDDR6, 14000 МГц"", ""GPU: NVIDIA GeForce RTX 2060, 1785 МГц"", ""Живлення: 8 pin"", ""Роз'єми: DVI-D 1 шт, HDMI 2 шт, DisplayPort 1 шт""]",21 826 грн.,https://s.ek.ua/jpg/1643062.jpg,https://ek.ua/ua/ua/ASUS-GEFORCE-RTX-2060-DUAL-EVO-OC.htm
Відеокарта MSI GeForce RTX 3080 Ti SUPRIM X 12G,"[""Пам'ять: 12 ГБ, GDDR6X, 19000 МГц"", ""GPU: NVIDIA GeForce RTX 3080 Ti, 1845 МГц"", ""Живлення: 8 + 8 + 8 pin, споживання 400 Вт"", ""Роз'єми: HDMI 1 шт, DisplayPort 3 шт""]",72 203 до 72 206 грн.,https://s.ek.ua/jpg/2033765.jpg,https://ek.ua/ua/ua/MSI-GEFORCE-RTX-3080-TI-SUPRIM-X-12G.htm
Відеокарта Asus Radeon RX 6600 XT Dual OC,"[""Пам'ять: 8 ГБ, GDDR6, 16000 МГц"", ""GPU: AMD Radeon RX 6600 XT, 2607 МГц"", ""Живлення: 8 pin"", ""Роз'єми: HDMI 1 шт, DisplayPort 3 шт""]",23 743 до 27 000 грн.,https://s.ek.ua/jpg/2073266.jpg,https://ek.ua/ua/ua/ASUS-RADEON-RX-6600-XT-DUAL-OC.htm
Відеокарта MSI GeForce GTX 1650 4GT LP OC,"[""Пам'ять: 4 ГБ, GDDR5, 8000 МГц"", ""GPU: NVIDIA GeForce GTX 1650, 1695 МГц"", ""Живлення: без дод. живлення, споживання 75 Вт"", ""Роз'єми: DVI-D 1 шт, HDMI 1 шт""]",12 999 грн.,https://s.ek.ua/jpg/1633274.jpg,https://ek.ua/ua/ua/MSI-GEFORCE-GTX-1650-4GT-LP-OC.htm
Відеокарта PowerColor Radeon RX 6900 XT Ultimate Red Devil,"[""Пам'ять: 16 ГБ, GDDR6, 16000 МГц"", ""GPU: AMD Radeon RX 6900 XT, 2425 МГц"", ""Живлення: 8 + 8 + 8 pin"", ""Роз'єми: HDMI 1 шт, DisplayPort 3 шт""]",67 777 до 70 222 грн.,https://s.ek.ua/jpg/2053614.jpg,https://ek.ua/ua/ua/POWERCOLOR-RADEON-RX-6900-XT-ULTIMATE-RED-DEVIL.htm
Відеокарта Palit GeForce RTX 3080 Ti GameRock,"[""Пам'ять: 12 ГБ, GDDR6X, 19000 МГц"", ""GPU: NVIDIA GeForce RTX 3080 Ti, 1665 МГц"", ""Живлення: 8 + 8 + 8 pin, споживання 400 Вт"", ""Роз'єми: HDMI 1 шт, DisplayPort 3 шт""]",62 063 до 64 665 грн.,https://s.ek.ua/jpg/2034137.jpg,https://ek.ua/ua/ua/PALIT-GEFORCE-RTX-3080-TI-GAMEROCK.htm
Відеокарта Asus GeForce GT 1030 GT1030-2G-BRK,"[""Пам'ять: 2 ГБ, GDDR5, 6008 МГц"", ""GPU: NVIDIA GeForce GT 1030, 1266 МГц"", ""Живлення: без дод. живлення, споживання 30 Вт"", ""Роз'єми: HDMI 1 шт, DisplayPort 1 шт""]",3 623 грн.,https://s.ek.ua/jpg/1286008.jpg,https://ek.ua/ua/ua/ASUS-GEFORCE-GT-1030-GT1030-2G-BRK.htm
Відеокарта MSI GeForce RTX 3080 Ti GAMING X TRIO 12G,"[""Пам'ять: 12 ГБ, GDDR6X, 19000 МГц"", ""GPU: NVIDIA GeForce RTX 3080 Ti, 1770 МГц"", ""Живлення: 8 + 8 + 8 pin, споживання 350 Вт"", ""Роз'єми: HDMI 1 шт, DisplayPort 3 шт""]",71 815 до 71 818 грн.,https://s.ek.ua/jpg/2033772.jpg,https://ek.ua/ua/ua/MSI-GEFORCE-RTX-3080-TI-GAMING-X-TRIO-12G.htm
Відеокарта MSI GeForce RTX 3070 Ti GAMING X TRIO 8G,"[""Пам'ять: 8 ГБ, GDDR6X, 19000 МГц"", ""GPU: NVIDIA GeForce RTX 3070 Ti, 1830 МГц"", ""Живлення: 8 + 8 pin, споживання 310 Вт"", ""Роз'єми: HDMI 1 шт, DisplayPort 3 шт""]",45 999 до 47 620 грн.,https://s.ek.ua/jpg/2033800.jpg,https://ek.ua/ua/ua/MSI-GEFORCE-RTX-3070-TI-GAMING-X-TRIO-8G.htm
Відеокарта Asus GeForce RTX 3060 Phoenix V2 LHR,"[""Пам'ять: 12 ГБ, GDDR6, 15000 МГц"", ""GPU: NVIDIA GeForce RTX 3060, 1807 МГц"", ""Живлення: 8 pin"", ""Роз'єми: HDMI 1 шт, DisplayPort 3 шт""]",24 498 до 30 999 грн.,https://s.ek.ua/jpg/2087262.jpg,https://ek.ua/ua/ua/ASUS-GEFORCE-RTX-3060-PHOENIX-V2-LHR.htm
Відеокарта INNO3D GeForce RTX 3080 Ti ICHILL X4,"[""Пам'ять: 12 ГБ, GDDR6X, 19000 МГц"", ""GPU: NVIDIA GeForce RTX 3080 Ti, 1710 МГц"", ""Живлення: 8 + 8 pin"", ""Роз'єми: HDMI 1 шт, DisplayPort 3 шт""]",63 690 до 83 300 грн.,https://s.ek.ua/jpg/2053297.jpg,https://ek.ua/ua/ua/INNO3D-GEFORCE-RTX-3080-TI-ICHILL-X4.htm
Відеокарта MSI GeForce RTX 3080 SUPRIM X 10G LHR,"[""Пам'ять: 10 ГБ, GDDR6X, 19000 МГц"", ""GPU: NVIDIA GeForce RTX 3080, 1920 МГц"", ""Живлення: 8 + 8 + 8 pin, споживання 370 Вт"", ""Роз'єми: HDMI 1 шт, DisplayPort 3 шт""]",51 719 грн.,https://s.ek.ua/jpg/2053210.jpg,https://ek.ua/ua/ua/MSI-GEFORCE-RTX-3080-SUPRIM-X-10G-LHR.htm
Відеокарта MSI Radeon RX 6900 XT GAMING Z TRIO 16G,"[""Пам'ять: 16 ГБ, GDDR6, 16000 МГц"", ""GPU: AMD Radeon RX 6900 XT, 2425 МГц"", ""Живлення: 8 + 8 + 8 pin, споживання 300 Вт"", ""Роз'єми: HDMI 1 шт, DisplayPort 3 шт""]",55 480 до 62 640 грн.,https://s.ek.ua/jpg/2044552.jpg,https://ek.ua/ua/ua/MSI-RADEON-RX-6900-XT-GAMING-Z-TRIO-16G.htm
Відеокарта MSI GeForce RTX 3060 GAMING Z TRIO 12G,"[""Пам'ять: 12 ГБ, GDDR6, 15000 МГц"", ""GPU: NVIDIA GeForce RTX 3060, 1867 МГц"", ""Живлення: 8 + 8 pin, споживання 170 Вт"", ""Роз'єми: HDMI 1 шт, DisplayPort 3 шт""]",27 998 до 32 324 грн.,https://s.ek.ua/jpg/2077707.jpg,https://ek.ua/ua/ua/MSI-GEFORCE-RTX-3060-GAMING-Z-TRIO-12G.htm
Відеокарта Palit GeForce RTX 3070 JetStream OC V1 LHR,"[""Пам'ять: 8 ГБ, GDDR6, 14000 МГц"", ""GPU: NVIDIA GeForce RTX 3070, 1815 МГц"", ""Живлення: 8 + 8 pin, споживання 270 Вт"", ""Роз'єми: HDMI 1 шт, DisplayPort 3 шт""]",40 286 до 41 533 грн.,https://s.ek.ua/jpg/2053229.jpg,https://ek.ua/ua/ua/PALIT-GEFORCE-RTX-3070-JETSTREAM-OC-V1-LHR.htm
Відеокарта INNO3D GeForce RTX 3060 TWIN X2 OC,"[""Пам'ять: 12 ГБ, GDDR6, 15000 МГц"", ""GPU: NVIDIA GeForce RTX 3060, 1792 МГц"", ""Живлення: 8 pin"", ""Роз'єми: HDMI 1 шт, DisplayPort 3 шт""]",31 999 грн.,https://s.ek.ua/jpg/1941090.jpg,https://ek.ua/ua/ua/INNO3D-GEFORCE-RTX-3060-TWIN-X2-OC.htm
Відеокарта INNO3D GeForce RTX 3060 TWIN X2 LHR,"[""Пам'ять: 12 ГБ, GDDR6, 15000 МГц"", ""GPU: NVIDIA GeForce RTX 3060, 1777 МГц"", ""Живлення: 8 pin"", ""Роз'єми: HDMI 1 шт, DisplayPort 3 шт""]",26 999 до 34 237 грн.,https://s.ek.ua/jpg/2102868.jpg,https://ek.ua/ua/ua/INNO3D-GEFORCE-RTX-3060-TWIN-X2-LHR.htm
Відеокарта Gigabyte GeForce GT 1030 Low Profile 2G,"[""Пам'ять: 2 ГБ, GDDR5, 6008 МГц"", ""GPU: NVIDIA GeForce GT 1030, 1252 МГц"", ""Живлення: без дод. живлення, споживання 30 Вт"", ""Роз'єми: DVI-D 1 шт, HDMI 1 шт""]",3 398 до 3 769 грн.,https://s.ek.ua/jpg/1113025.jpg,https://ek.ua/ua/ua/GIGABYTE-GEFORCE-GT-1030-LOW-PROFILE-2G.htm
Відеокарта ASRock Radeon RX 6900 XT Phantom Gaming D 16G OC,"[""Пам'ять: 16 ГБ, GDDR6, 16000 МГц"", ""GPU: AMD Radeon RX 6900 XT, 2340 МГц"", ""Живлення: 8 + 8 + 8 pin"", ""Роз'єми: HDMI 1 шт, DisplayPort 3 шт""]",48 285 до 48 288 грн.,https://s.ek.ua/jpg/1924771.jpg,https://ek.ua/ua/ua/ASROCK-RADEON-RX-6900-XT-PHANTOM-GAMING-D-16G-OC.htm
Відеокарта Gigabyte GeForce RTX 3080 Ti AORUS MASTER 12G,"[""Пам'ять: 12 ГБ, GDDR6X, 19000 МГц"", ""GPU: NVIDIA GeForce RTX 3080 Ti, 1770 МГц"", ""Живлення: 8 + 8 + 8 pin"", ""Роз'єми: HDMI 3 шт, DisplayPort 3 шт""]",65 451 до 85 529 грн.,https://s.ek.ua/jpg/2033441.jpg,https://ek.ua/ua/ua/GIGABYTE-GEFORCE-RTX-3080-TI-AORUS-MASTER-12G.htm
Відеокарта AFOX GeForce GT 1030 AF1030-2048D5L5-V2,"[""Пам'ять: 2 ГБ, GDDR5, 6000 МГц"", ""GPU: NVIDIA GeForce GT 1030, 1265 МГц"", ""Живлення: без дод. живлення, споживання 30 Вт"", ""Роз'єми: DVI-D 1 шт, HDMI 1 шт""]",2 906 до 3 109 грн.,https://s.ek.ua/jpg/1971850.jpg,https://ek.ua/ua/ua/AFOX-GEFORCE-GT-1030-AF1030-2048D5L5-V2.htm
Відеокарта Gigabyte Radeon RX 6600 XT GAMING OC 8G,"[""Пам'ять: 8 ГБ, GDDR6, 16000 МГц"", ""GPU: AMD Radeon RX 6600 XT"", ""Живлення: 8 pin"", ""Роз'єми: HDMI 2 шт, DisplayPort 2 шт""]",25 601 до 27 797 грн.,https://s.ek.ua/jpg/2064495.jpg,https://ek.ua/ua/ua/GIGABYTE-RADEON-RX-6600-XT-GAMING-OC-8G.htm
Відеокарта Gigabyte GeForce RTX 3080 AORUS XTREME LHR 10G,"[""Пам'ять: 10 ГБ, GDDR6X, 19000 МГц"", ""GPU: NVIDIA GeForce RTX 3080, 1905 МГц"", ""Живлення: 8 + 8 + 8 pin"", ""Роз'єми: HDMI 3 шт, DisplayPort 3 шт""]",53 999 до 61 446 грн.,https://s.ek.ua/jpg/2055583.jpg,https://ek.ua/ua/ua/GIGABYTE-GEFORCE-RTX-3080-AORUS-XTREME-LHR-10G.htm
Відеокарта INNO3D GeForce RTX 2060 TWIN X2,"[""Пам'ять: 6 ГБ, GDDR6, 14000 МГц"", ""GPU: NVIDIA GeForce RTX 2060, 1680 МГц"", ""Живлення: 8 pin"", ""Роз'єми: HDMI 1 шт, DisplayPort 3 шт""]",20 450 до 21 699 грн.,https://s.ek.ua/jpg/1500567.jpg,https://ek.ua/ua/ua/INNO3D-GEFORCE-RTX-2060-TWIN-X2.htm
Відеокарта Sapphire Radeon RX 6700 XT 11306-01-20G,"[""Пам'ять: 12 ГБ, GDDR6, 16000 МГц"", ""GPU: AMD Radeon RX 6700 XT, 2622 МГц"", ""Живлення: 6 + 8 pin, споживання 260 Вт"", ""Роз'єми: HDMI 1 шт, DisplayPort 3 шт""]",41 425 до 47 218 грн.,https://s.ek.ua/jpg/1998458.jpg,https://ek.ua/ua/ua/SAPPHIRE-RADEON-RX-6700-XT-11306-01-20G.htm
Відеокарта Asus GeForce RTX 3080 TUF OC GAMING,"[""Пам'ять: 10 ГБ, GDDR6X, 19000 МГц"", ""GPU: NVIDIA GeForce RTX 3080, 1815 МГц"", ""Живлення: 8 + 8 pin"", ""Роз'єми: HDMI 2 шт, DisplayPort 3 шт""]",76 100 до 81 928 грн.,https://s.ek.ua/jpg/1922294.jpg,https://ek.ua/ua/ua/ASUS-GEFORCE-RTX-3080-TUF-OC-GAMING.htm
Відеокарта INNO3D GeForce RTX 3060 TI TWIN X2 LHR,"[""Пам'ять: 8 ГБ, GDDR6, 14000 МГц"", ""GPU: NVIDIA GeForce RTX 3060 Ti, 1665 МГц"", ""Живлення: 8 pin"", ""Роз'єми: HDMI 1 шт, DisplayPort 3 шт""]",31 750 до 41 280 грн.,https://s.ek.ua/jpg/2087521.jpg,https://ek.ua/ua/ua/INNO3D-GEFORCE-RTX-3060-TI-TWIN-X2-LHR.htm
Відеокарта MSI GeForce GTX 1660 Ti ARMOR 6G OC,"[""Пам'ять: 6 ГБ, GDDR6, 12000 МГц"", ""GPU: NVIDIA GeForce GTX 1660 Ti, 1860 МГц"", ""Живлення: 8 pin, споживання 130 Вт"", ""Роз'єми: HDMI 1 шт, DisplayPort 3 шт""]",23 137 до 24 871 грн.,https://s.ek.ua/jpg/1518233.jpg,https://ek.ua/ua/ua/MSI-GEFORCE-GTX-1660-TI-ARMOR-6G-OC.htm
Відеокарта Gigabyte GeForce RTX 3080 GAMING OC LHR 10G,"[""Пам'ять: 10 ГБ, GDDR6X, 19000 МГц"", ""GPU: NVIDIA GeForce RTX 3080, 1800 МГц"", ""Живлення: 8 + 8 pin"", ""Роз'єми: HDMI 2 шт, DisplayPort 3 шт""]",49 799 грн.,https://s.ek.ua/jpg/2055614.jpg,https://ek.ua/ua/ua/GIGABYTE-GEFORCE-RTX-3080-GAMING-OC-LHR-10G.htm
Відеокарта Gigabyte GeForce GTX 1660 SUPER D6 6G,"[""Пам'ять: 6 ГБ, GDDR6, 14000 МГц"", ""GPU: NVIDIA GeForce GTX 1660 SUPER, 1785 МГц"", ""Живлення: 8 pin"", ""Роз'єми: HDMI 1 шт, DisplayPort 3 шт""]",23 185 до 24 178 грн.,https://s.ek.ua/jpg/1972988.jpg,https://ek.ua/ua/ua/GIGABYTE-GEFORCE-GTX-1660-SUPER-D6-6G.htm
Відеокарта Asus GeForce RTX 3080 TUF GAMING OC V2 LHR,"[""Пам'ять: 10 ГБ, GDDR6X, 19500 МГц"", ""GPU: NVIDIA GeForce RTX 3080, 1815 МГц"", ""Живлення: 8 + 8 pin"", ""Роз'єми: HDMI 2 шт, DisplayPort 3 шт""]",51 999 до 57 250 грн.,https://s.ek.ua/jpg/2077942.jpg,https://ek.ua/ua/ua/ASUS-GEFORCE-RTX-3080-TUF-GAMING-OC-V2-LHR.htm
Відеокарта AFOX Radeon RX 550 AFRX550-4096D5H4-V5,"[""Пам'ять: 4 ГБ, GDDR5, 6000 МГц"", ""GPU: AMD Radeon RX 550, 1183 МГц"", ""Живлення: без дод. живлення"", ""Роз'єми: DVI-D 1 шт, HDMI 1 шт, DisplayPort 1 шт""]",5 235 до 6 499 грн.,https://s.ek.ua/jpg/2018120.jpg,https://ek.ua/ua/ua/AFOX-RADEON-RX-550-AFRX550-4096D5H4-V5.htm
Відеокарта MSI GeForce RTX 3070 Ti VENTUS 3X 8G OC,"[""Пам'ять: 8 ГБ, GDDR6X, 19000 МГц"", ""GPU: NVIDIA GeForce RTX 3070 Ti, 1800 МГц"", ""Живлення: 8 + 8 pin, споживання 290 Вт"", ""Роз'єми: HDMI 1 шт, DisplayPort 3 шт""]",44 895 до 44 957 грн.,https://s.ek.ua/jpg/2033813.jpg,https://ek.ua/ua/ua/MSI-GEFORCE-RTX-3070-TI-VENTUS-3X-8G-OC.htm
Відеокарта Asus GeForce RTX 3070 ROG STRIX V2 OC LHR,"[""Пам'ять: 8 ГБ, GDDR6, 14000 МГц"", ""GPU: NVIDIA GeForce RTX 3070, 1935 МГц"", ""Живлення: 8 + 8 pin"", ""Роз'єми: HDMI 2 шт, DisplayPort 3 шт""]",37 769 грн.,https://s.ek.ua/jpg/2052990.jpg,https://ek.ua/ua/ua/ASUS-GEFORCE-RTX-3070-ROG-STRIX-V2-OC-LHR.htm
Відеокарта Palit GeForce GTX 1660 Ti Dual OC,"[""Пам'ять: 6 ГБ, GDDR6, 12000 МГц"", ""GPU: NVIDIA GeForce GTX 1660 Ti, 1815 МГц"", ""Живлення: 8 pin, споживання 120 Вт"", ""Роз'єми: DVI-D 1 шт, HDMI 1 шт, DisplayPort 1 шт""]",20 999 до 22 969 грн.,https://s.ek.ua/jpg/1537882.jpg,https://ek.ua/ua/ua/PALIT-GEFORCE-GTX-1660-TI-DUAL-OC.htm
Відеокарта Asus Radeon RX 550 RX550-2G,"[""Пам'ять: 2 ГБ, GDDR5, 7000 МГц"", ""GPU: AMD Radeon RX 550, 1183 МГц"", ""Живлення: без дод. живлення"", ""Роз'єми: DVI-D 1 шт, HDMI 1 шт, DisplayPort 1 шт""]",4 275 грн.,https://s.ek.ua/jpg/1098632.jpg,https://ek.ua/ua/ua/ASUS-RADEON-RX-550-RX550-2G.htm
Відеокарта ZOTAC GeForce RTX 3060 Twin Edge OC,"[""Пам'ять: 12 ГБ, GDDR6, 15000 МГц"", ""GPU: NVIDIA GeForce RTX 3060, 1807 МГц"", ""Живлення: 8 pin, споживання 170 Вт"", ""Роз'єми: HDMI 1 шт, DisplayPort 3 шт""]",24 851 до 32 743 грн.,https://s.ek.ua/jpg/1973546.jpg,https://ek.ua/ua/ua/ZOTAC-GEFORCE-RTX-3060-TWIN-EDGE-OC.htm
Відеокарта Asus Radeon RX 6900 XT ROG STRIX LC,"[""Пам'ять: 16 ГБ, GDDR6, 16000 МГц"", ""GPU: AMD Radeon RX 6900 XT, 2525 МГц"", ""Живлення: 8 + 8 + 8 pin"", ""Роз'єми: HDMI 1 шт, DisplayPort 2 шт, USB C 1 шт""]",52 173 до 88 323 грн.,https://s.ek.ua/jpg/2038542.jpg,https://ek.ua/ua/ua/ASUS-RADEON-RX-6900-XT-ROG-STRIX-LC.htm
Відеокарта Biostar Radeon RX 550 VA5515RF21,"[""Пам'ять: 2 ГБ, GDDR5, 6000 МГц"", ""GPU: AMD Radeon RX 550, 1100 МГц"", ""Живлення: без дод. живлення"", ""Роз'єми: DVI-D 1 шт, HDMI 1 шт, DisplayPort 1 шт""]",4 803 до 5 893 грн.,https://s.ek.ua/jpg/2038287.jpg,https://ek.ua/ua/ua/BIOSTAR-RADEON-RX-550-VA5515RF21.htm
Відеокарта MSI GeForce RTX 3060 GAMING Z TRIO 12G LHR,"[""Пам'ять: 12 ГБ, GDDR6, 15000 МГц"", ""GPU: NVIDIA GeForce RTX 3060, 1867 МГц"", ""Живлення: 8 + 8 pin, споживання 170 Вт"", ""Роз'єми: HDMI 1 шт, DisplayPort 3 шт""]",29 828 до 32 499 грн.,https://s.ek.ua/jpg/2087522.jpg,https://ek.ua/ua/ua/MSI-GEFORCE-RTX-3060-GAMING-Z-TRIO-12G-LHR.htm
Відеокарта INNO3D GeForce RTX 3070 ICHILL X4 LHR,"[""Пам'ять: 8 ГБ, GDDR6, 14000 МГц"", ""GPU: NVIDIA GeForce RTX 3070, 1785 МГц"", ""Живлення: 8 + 8 pin"", ""Роз'єми: HDMI 1 шт, DisplayPort 3 шт""]",36 999 грн.,https://s.ek.ua/jpg/2053252.jpg,https://ek.ua/ua/ua/INNO3D-GEFORCE-RTX-3070-ICHILL-X4-LHR.htm
Відеокарта Asus GeForce GT 1030 GT1030-SL-2G-BRK,"[""Пам'ять: 2 ГБ, GDDR5, 6008 МГц"", ""GPU: NVIDIA GeForce GT 1030, 1266 МГц"", ""Живлення: без дод. живлення, споживання 30 Вт"", ""Роз'єми: DVI-D 1 шт, HDMI 1 шт""]",3 768 грн.,https://s.ek.ua/jpg/1115096.jpg,https://ek.ua/ua/ua/ASUS-GEFORCE-GT-1030-GT1030-SL-2G-BRK.htm
Відеокарта INNO3D GeForce GTX 1660 SUPER TWIN X2,"[""Пам'ять: 6 ГБ, GDDR6, 14000 МГц"", ""GPU: NVIDIA GeForce GTX 1660 SUPER, 1785 МГц"", ""Живлення: 8 pin"", ""Роз'єми: HDMI 1 шт, DisplayPort 3 шт""]",22 250 до 26 999 грн.,https://s.ek.ua/jpg/1681860.jpg,https://ek.ua/ua/ua/INNO3D-GEFORCE-GTX-1660-SUPER-TWIN-X2.htm
Відеокарта MSI Radeon RX 6800 XT GAMING X TRIO 16G,"[""Пам'ять: 16 ГБ, GDDR6, 16000 МГц"", ""GPU: AMD Radeon RX 6800 XT, 2285 МГц"", ""Живлення: 8 + 8 pin, споживання 300 Вт"", ""Роз'єми: HDMI 1 шт, DisplayPort 3 шт""]",51 680 до 55 807 грн.,https://s.ek.ua/jpg/1915966.jpg,https://ek.ua/ua/ua/MSI-RADEON-RX-6800-XT-GAMING-X-TRIO-16G.htm
Відеокарта Asus GeForce RTX 3060 Ti Dual V2 OC LHR,"[""Пам'ять: 8 ГБ, GDDR6, 14000 МГц"", ""GPU: NVIDIA GeForce RTX 3060 Ti, 1740 МГц"", ""Живлення: 8 pin"", ""Роз'єми: HDMI 2 шт, DisplayPort 3 шт""]",30 506 до 30 999 грн.,https://s.ek.ua/jpg/2077940.jpg,https://ek.ua/ua/ua/ASUS-GEFORCE-RTX-3060-TI-DUAL-V2-OC-LHR.htm
Відеокарта MSI GeForce RTX 3070 GAMING Z TRIO 8G LHR,"[""Пам'ять: 8 ГБ, GDDR6, 14000 МГц"", ""GPU: NVIDIA GeForce RTX 3070, 1845 МГц"", ""Живлення: 8 + 8 pin, споживання 240 Вт"", ""Роз'єми: HDMI 1 шт, DisplayPort 3 шт""]",36 820 до 42 137 грн.,https://s.ek.ua/jpg/2053193.jpg,https://ek.ua/ua/ua/MSI-GEFORCE-RTX-3070-GAMING-Z-TRIO-8G-LHR.htm
Відеокарта Asus Radeon RX 570 EX-RX570-O4G,"[""Пам'ять: 4 ГБ, GDDR5, 7000 МГц"", ""GPU: AMD Radeon RX 570, 1266 МГц"", ""Живлення: 8 pin, споживання 150 Вт"", ""Роз'єми: DVI-D 1 шт, HDMI 1 шт, DisplayPort 1 шт""]",10 299 грн.,https://s.ek.ua/jpg/1096918.jpg,https://ek.ua/ua/ua/ASUS-RADEON-RX-570-EX-RX570-O4G.htm
Відеокарта MSI GeForce RTX 3080 GAMING Z TRIO 10G LHR,"[""Пам'ять: 10 ГБ, GDDR6X, 19000 МГц"", ""GPU: NVIDIA GeForce RTX 3080, 1830 МГц"", ""Живлення: 8 + 8 + 8 pin, споживання 370 Вт"", ""Роз'єми: HDMI 1 шт, DisplayPort 3 шт""]",50 453 до 51 088 грн.,https://s.ek.ua/jpg/2053209.jpg,https://ek.ua/ua/ua/MSI-GEFORCE-RTX-3080-GAMING-Z-TRIO-10G-LHR.htm
Відеокарта PowerColor Radeon RX 6700 XT Hellhound 12GB,"[""Пам'ять: 12 ГБ, GDDR6, 16000 МГц"", ""GPU: AMD Radeon RX 6700 XT, 2581 МГц"", ""Живлення: 8 + 8 pin"", ""Роз'єми: HDMI 1 шт, DisplayPort 3 шт""]",52 575 до 52 578 грн.,https://s.ek.ua/jpg/2015452.jpg,https://ek.ua/ua/ua/POWERCOLOR-RADEON-RX-6700-XT-HELLHOUND-12GB.htm
Відеокарта PowerColor Radeon RX 6700 XT Red Devil,"[""Пам'ять: 12 ГБ, GDDR6, 16000 МГц"", ""GPU: AMD Radeon RX 6700 XT, 2622 МГц"", ""Живлення: 8 + 8 pin"", ""Роз'єми: HDMI 1 шт, DisplayPort 3 шт""]",32 392 до 44 034 грн.,https://s.ek.ua/jpg/2061460.jpg,https://ek.ua/ua/ua/POWERCOLOR-RADEON-RX-6700-XT-RED-DEVIL.htm
Відеокарта Gigabyte GeForce RTX 3060 Ti VISION OC LHR 8G,"[""Пам'ять: 8 ГБ, GDDR6, 14000 МГц"", ""GPU: NVIDIA GeForce RTX 3060 Ti, 1755 МГц"", ""Живлення: 6 + 8 pin"", ""Роз'єми: HDMI 2 шт, DisplayPort 2 шт""]",31 199 до 31 304 грн.,https://s.ek.ua/jpg/2055460.jpg,https://ek.ua/ua/ua/GIGABYTE-GEFORCE-RTX-3060-TI-VISION-OC-LHR-8G.htm
Відеокарта MSI GT 1030 2GHD4 LP OC,"[""Пам'ять: 2 ГБ, DDR4, 2100 МГц"", ""GPU: NVIDIA GeForce GT 1030, 1189 МГц"", ""Живлення: без дод. живлення, споживання 20 Вт"", ""Роз'єми: HDMI 1 шт, DisplayPort 1 шт""]",2 699 до 3 932 грн.,https://s.ek.ua/jpg/1422916.jpg,https://ek.ua/ua/ua/MSI-GT-1030-2GHD4-LP-OC.htm
Відеокарта ASRock Radeon RX 6700 XT Challenger Pro 12GB OC,"[""Пам'ять: 12 ГБ, GDDR6, 16000 МГц"", ""GPU: AMD Radeon RX 6700 XT, 2620 МГц"", ""Живлення: 8 + 8 pin"", ""Роз'єми: HDMI 1 шт, DisplayPort 3 шт""]",40 080 грн.,https://s.ek.ua/jpg/2015469.jpg,https://ek.ua/ua/ua/ASROCK-RADEON-RX-6700-XT-CHALLENGER-PRO-12GB-OC.htm
